Pl.,Plate,Nation,Name,Team,PDS Licence,Split 1,Split 2,Split 3,Split 4,Time,Gap
1,3,,ASA VERMETTE,Frameworks Racing / 5DEV,PDS00003,0:17.509,0:59.867,1:26.377,1:40.245,1:51.706,
2,5,,LUCA SHAW,Canyon CLLCTV Factory Team,PDS00043,0:17.602,0:59.537,1:26.654,1:40.716,1:52.145,+0.439
3,2,,RYAN PINKERTON,Mondraker Factory Racing,PDS00040,0:17.633,0:59.766,1:26.792,1:40.760,1:52.319,+0.613
4,6,,TYLER WAITE,Yeti Fox Factory,PDS01040,0:17.610,0:59.888,1:27.123,1:40.936,1:52.404,+0.698
5,7,,AARON GWIN,Gwin Racing,PDS00780,0:18.080,1:00.635,1:27.739,1:41.984,1:53.967,+2.261
6,64,,JONTY WILLIAMSON,Yeti Fox Factory,PDS01176,0:17.991,1:01.421,1:28.317,1:42.363,1:54.457,+2.751
7,8,,ANTOINE PIERRON,Commencal Schwalbe by les Orres,PDS01154,0:17.867,1:01.301,1:28.616,1:42.854,1:54.661,+2.955
8,9,,RICHARD RUDE,Yeti Fox Factory,PDS00041,0:17.645,1:01.163,1:28.759,1:43.108,1:54.755,+3.049
9,13,,CHRISTOPHER GRICE,Gen-S,PDS00016,0:18.000,1:01.673,1:29.192,1:43.702,1:55.353,+3.647
10,26,,JAKE POLITO,,PDS00849,0:17.936,1:01.661,1:29.118,1:43.428,1:55.468,+3.762
11,1,,DANTE SILVA,Intense/Monster Army,PDS00045,0:17.762,1:01.727,1:29.527,1:43.959,1:55.591,+3.885
12,15,,EVAN MEDCALF,CommencalUSA/Bikeworks/TLD/100%/Maxxis/Crankbrothers/SRAM/DEITY/MTX,PDS00029,0:18.500,1:02.512,1:30.153,1:44.493,1:56.047,+4.341
13,31,,NATHAN KITCHEN,Intense Racing USA/Monster Army,PDS00069,0:17.757,1:01.537,1:29.384,1:43.836,1:56.188,+4.482
14,21,,ELLIOT JAMIESON,"Commencal, 7Mesh, Shimano, Maxxis, Fox Suspension",PDS01137,0:18.016,1:02.187,1:29.845,1:44.554,1:56.269,+4.563
15,100,,BENJAMIN DE VALL,FUTURE FRAMEWORKS,PDS00112,0:18.313,1:02.754,1:30.917,1:44.991,1:56.617,+4.911
16,57,,COLE SUETOS,Insta360 ZFR,PDS00048,0:18.424,1:02.848,1:30.731,1:45.122,1:56.699,+4.993
17,18,,TEGAN CRUZ,UR Team,PDS01014,0:18.277,1:02.114,1:30.246,1:44.881,1:56.777,+5.071
18,23,,TYLER ERVIN,"Frameworks,SR Suntour,100percent, RevGrips,  , Crankbrothers, Maxxis, Trp, Fluid Focus",PDS00012,0:17.931,1:02.181,1:30.811,1:45.187,1:56.792,+5.086
19,69,,NEKO MULALLY,Frameworks Racing / 5DEV,PDS00002,0:17.961,1:02.191,1:30.406,1:45.060,1:56.882,+5.176
20,29,,CONNOR CASLER,,PDS00077,0:18.211,1:03.018,1:31.244,1:45.630,1:57.078,+5.372
21,10,,HENRI KIEFER,Canyon CLLCTV Factory Team,PDS01200,0:18.024,1:02.707,1:30.617,1:45.188,1:57.313,+5.607
22,30,,DRAKE PARKER,Outlaw,PDS00413,0:18.016,1:02.773,1:30.868,1:45.441,1:57.453,+5.747
23,70,,BODE BURKE,Commencal Schwalbe by Les Orres,PDS01097,0:18.488,1:03.662,1:31.268,1:45.758,1:58.077,+6.371
24,28,,MAX ABRAMS,Highland Mountain Bike Park/Monster Army/Crankbrotheres,PDS00101,0:18.165,1:03.145,1:31.613,1:46.303,1:58.184,+6.478
25,25,,COLIN MCELYEA,Defiant Racing,PDS00068,0:18.467,1:02.260,1:30.867,1:45.923,1:58.259,+6.553
26,14,,JON MOZELL,Dunbar Racing,PDS01151,0:18.805,1:03.096,1:31.096,1:45.859,1:58.429,+6.723
27,17,,ALDEN PATE,Commencal North America,PDS00038,0:18.127,1:02.777,1:31.655,1:46.542,1:58.625,+6.919
28,61,,MITCH ROPELATO,,PDS01245,0:18.172,1:03.200,1:32.090,1:46.828,1:58.796,+7.090
29,12,,MARK WALLACE,,PDS01043,0:18.727,1:03.190,1:31.989,1:46.831,1:59.233,+7.527
30,51,,AIDEN CHAPIN,Trek-Fasthouse Go Green Extreme,PDS00598,0:18.965,1:04.407,1:32.849,1:47.240,1:59.378,+7.672
31,49,,NICOLAS BROCHET,Commencal SL Gravity,PDS01009,0:18.941,1:04.996,1:33.554,1:48.463,2:00.911,+9.205
32,32,,WALKER SHAW,,PDS00044,0:18.575,1:05.084,1:34.231,1:49.054,2:01.273,+9.567
33,55,,DAVID KAHN,Pisgah Trail Company,PDS01115,0:18.716,1:04.700,1:34.169,1:49.403,2:01.475,+9.769
34,39,,DYLAN CONTE,Schwalbe / Fly Racing / Deity / I9,PDS00064,0:18.763,1:05.400,1:34.697,1:49.813,2:01.603,+9.897
35,54,,AUSTIN HAESSLY,Xtreme gravity racing,PDS00121,0:18.972,1:05.155,1:34.484,1:49.455,2:01.706,+10.000
36,41,,JULIEN MARKEWITZ,"Oakley, MountainFLOW, Gu Energy Labs, Crankbrothers, Deity Components, Sram/Rockshox",PDS00013,0:19.113,1:05.454,1:34.641,1:49.743,2:02.100,+10.394
37,106,,MATEO QUIST,"Specialized, Shimano, Chromag, Corsa",PDS01156,0:18.894,1:05.052,1:34.286,1:49.803,2:02.819,+11.113
38,62,,NATHAN STERCKX,RST Racing Team,PDS00047,0:19.140,1:05.053,1:35.913,1:50.870,2:03.522,+11.816
39,40,,MCLURE BAILEY,"Mountain Training Systems, BC Goggle Co, Fox Racing",PDS00103,0:18.993,1:05.691,1:35.003,1:50.896,2:03.641,+11.935
40,44,,SAM TOOHEY,Fox MTB | Another Bike Shop | Monster Army | DEITY | MAXXIS | ODI | RideWrap,PDS00723,0:18.838,1:06.961,1:36.737,1:52.226,2:04.189,+12.483
41,53,,JUSTIN GAGN,Commencal Gravity SL,PDS00117,0:19.650,1:07.226,1:36.771,1:51.882,2:04.366,+12.660
42,111,,AUSTIN MAKSON,Cowichan Cycles,PDS01148,0:19.399,1:06.002,1:36.909,1:52.217,2:04.508,+12.802
43,104,,MAXIMILIANO CARO,Rojo Racing Team,PDS01126,0:19.350,1:06.863,1:36.581,1:52.491,2:05.036,+13.330
44,43,,BODIE HEFLIN,Rooted MTB,PDS00017,0:19.110,1:07.128,1:36.799,1:52.273,2:05.071,+13.365
45,19,,MICHAEL DELESALLE,Gwin Racing,PDS00844,0:18.727,1:10.685,1:39.305,1:53.964,2:06.067,+14.361
46,46,,JORDAN BOULDIN,Gearwork/Mountain Training Systems,PDS01099,0:19.786,1:07.958,1:38.188,1:54.015,2:06.559,+14.853
47,60,,NICOLAS MORALES MORENO,Con con Downhill,PDS01149,0:19.845,1:08.242,1:38.180,1:54.155,2:06.705,+14.999
48,52,,JONAH FREEDMAN,100%/Maxxis/Fox Factory/RaceFace/BikeDoctorFred/Univ of Tennessee/MTS/HillsSkills/ODI,PDS00014,0:19.271,1:07.617,1:38.227,1:54.135,2:06.985,+15.279
49,59,,CARTER LINDBLOM,"""""""""Blue Wheel R&amp",PDS01220,0:20.220,1:09.560,1:39.930,1:55.355,2:08.428,+16.722
50,35,,COLIN MULALLY,Frameworks / Camp Three,PDS00031,0:20.005,1:09.545,1:40.141,1:55.688,2:08.508,+16.802
51,34,,MAX LIGMAN,,PDS00213,0:19.773,1:09.946,1:40.798,1:56.749,2:09.311,+17.605
52,37,,COLBY SMITH,Xtreme Gravity Racing / BikeSource Charlotte / Deity Components,PDS00216,0:19.793,1:09.327,1:40.930,1:57.866,2:10.717,+19.011
53,50,,JARED CALHOUN,"7 protection, Rogue trails, BC goggles, Oz suspension, Ryno power, Rama Components",PDS01011,0:19.186,1:06.399,1:45.053,2:00.423,2:13.422,+21.716
54,38,,XANDER LEFEBVRE,Outlive,PDS00212,0:20.242,1:11.354,1:42.911,2:00.594,2:14.733,+23.027
55,71,,COLTON PETERSON,Specialized Team,PDS01153,0:18.253,1:15.694,1:45.991,2:01.186,2:14.747,+23.041
56,42,,AIDAN SCHUH,Legacy Bike Park/Lennys Bike Shop/Maxxis,PDS01034,0:20.260,1:12.598,1:45.510,2:02.818,2:19.547,+27.841
57,65,,DEXTER WILSON,"Pivot, ote, ride nf, coastal optics, hydro power, savages bike shop",PDS00472,0:20.416,1:14.541,1:51.182,2:08.997,2:22.910,+31.204
58,58,,ELDRICK LAUZIER,Giant Montreal FISI,PDS00929,0:21.323,1:16.567,1:52.658,2:10.327,2:23.632,+31.926
-,27,,BRAEDYN DAVIS,SBR Gravity Racing,PDS00733,0:18.676,1:05.184,1:34.251,5:00.041,DNF,
-,68,,RYAN ZINZOW,"Broken Spoke Gravity, SR Suntour",PDS01177,,,,,DNF,
