Pl.,Bib,Noc,Name,PDS Licence,Split 1,Split 2,Split 3,Split 4,Time,Gap
1,3,USA,Asa VERMETTE,PDS00003,0:20.844,1:02.687,1:27.391,1:42.020,1:53.025,
2,5,USA,Luca SHAW,PDS00043,0:20.276,1:02.779,1:27.916,1:42.588,1:53.545,+0.520
3,8,USA,Alden PATE,PDS00038,0:21.118,1:03.481,1:28.849,1:43.611,1:54.390,+1.365
4,57,USA,Cole SUETOS,PDS00048,0:21.262,1:04.263,1:28.963,1:43.330,1:54.545,+1.520
5,9,USA,Evan MEDCALF,PDS00029,0:20.695,1:03.294,1:28.730,1:43.623,1:54.833,+1.808
6,10,CAN,Tegan CRUZ,PDS01014,0:21.063,1:04.239,1:29.153,1:43.768,1:54.983,+1.958
7,100,USA,Luke MALLEN,PDS00180,0:20.542,1:03.563,1:28.925,1:43.746,1:55.003,+1.978
8,6,USA,Richie RUDE JR,PDS00041,0:20.725,1:03.264,1:28.526,1:43.492,1:55.020,+1.995
9,31,CAN,Kasper WOOLLEY,PDS01059,0:20.801,1:03.491,1:28.630,1:43.869,1:55.038,+2.013
10,25,CAN,Jake POLITO,PDS00849,0:21.477,1:03.905,1:29.665,1:44.000,1:55.116,+2.091
11,45,USA,Andrew DRISCOLL,PDS00010,0:21.102,1:03.752,1:29.166,1:44.516,1:55.298,+2.273
12,17,CAN,Bodhi KUHN,PDS01624,0:21.575,1:04.703,1:29.627,1:44.450,1:55.340,+2.315
13,26,USA,Nathan KITCHEN,PDS00069,0:21.275,1:04.214,1:29.308,1:44.471,1:55.558,+2.533
14,21,CAN,Michael DELESALLE,PDS00844,0:21.478,1:04.811,1:29.664,1:44.343,1:55.716,+2.691
15,13,USA,Bode BURKE,PDS01097,0:20.638,1:04.009,1:29.150,1:44.241,1:55.737,+2.712
16,43,USA,Christopher GRICE,PDS00016,0:21.217,1:05.331,1:30.156,1:45.166,1:55.795,+2.770
17,12,CAN,Johnathan HELLY,PDS01085,0:20.766,1:04.061,1:29.461,1:44.588,1:55.992,+2.967
18,2,USA,Ryan PINKERTON,PDS00040,0:24.118,1:05.624,1:30.183,1:44.928,1:56.064,+3.039
19,76,NZL,Tyler WAITE,PDS01040,0:21.666,1:04.702,1:30.145,1:45.116,1:56.144,+3.119
20,22,USA,Dante SILVA,PDS00045,0:21.156,1:05.273,1:30.537,1:45.322,1:56.237,+3.212
21,4,USA,Austin DOOLEY,PDS00009,0:21.059,1:04.891,1:30.445,1:45.391,1:56.286,+3.261
22,102,USA,Kai BURLESON,PDS00159,0:21.730,1:05.388,1:30.848,1:45.437,1:56.520,+3.495
23,39,USA,Aiden CHAPIN,PDS00598,0:21.498,1:04.890,1:30.464,1:45.235,1:56.591,+3.566
24,18,USA,Ryder LAWRENCE,PDS00131,0:21.164,1:04.743,1:30.804,1:45.290,1:56.635,+3.610
25,48,USA,Connor CASLER,PDS00077,0:21.205,1:05.272,1:30.798,1:45.663,1:56.662,+3.637
26,78,CAN,Anthony SHELLY,PDS00851,0:21.274,1:05.496,1:30.783,1:45.665,1:57.000,+3.975
27,46,USA,Colin MCELYEA,PDS00068,0:21.505,1:05.273,1:31.101,1:46.275,1:57.153,+4.128
28,117,USA,Tyler WAGONER,PDS01170,0:21.625,1:04.923,1:31.157,1:46.445,1:57.234,+4.209
29,75,USA,Jt FISHER,PDS01538,0:21.280,1:04.902,1:30.429,1:45.855,1:57.261,+4.236
30,49,USA,Jagger BUCY,PDS00092,0:21.195,1:05.091,1:30.623,1:45.925,1:57.412,+4.387
31,15,CAN,Benny DE VALL,PDS00112,0:22.001,1:06.448,1:32.285,1:46.959,1:57.825,+4.800
32,30,USA,Drake PARKER,PDS00413,0:22.328,1:06.371,1:32.219,1:46.982,1:57.889,+4.864
33,104,USA,Slade GAINEY,PDS00165,0:21.554,1:05.528,1:31.580,1:46.668,1:57.928,+4.903
34,112,USA,Christopher LIEBIG,PDS00177,0:21.462,1:05.235,1:31.288,1:46.756,1:58.111,+5.086
35,44,USA,Nikolas NESTOROFF,PDS00035,0:21.862,1:05.751,1:31.801,1:47.019,1:58.201,+5.176
36,36,USA,Max ABRAMS,PDS00101,0:21.931,1:06.585,1:32.264,1:47.303,1:58.229,+5.204
37,33,USA,Fred LARIVIERE,PDS00130,0:21.568,1:05.465,1:31.704,1:46.975,1:58.408,+5.383
38,107,CAN,Landon DE VALL,PDS01822,0:21.717,1:05.768,1:31.558,1:46.968,1:58.528,+5.503
39,106,CAN,Jack MCCREDIE,PDS00860,0:22.199,1:06.575,1:32.342,1:47.562,1:58.798,+5.773
40,69,USA,Neko MULALLY,PDS00002,0:21.565,1:05.639,1:32.012,1:47.676,1:59.020,+5.995
41,168,CAN,Nash JAMIESON,PDS01138,0:21.641,1:06.417,1:32.424,1:48.115,1:59.413,+6.388
42,101,USA,Alexander MALLEN,PDS00179,0:21.694,1:06.465,1:32.365,1:47.644,1:59.477,+6.452
43,105,CAN,Noah MILNER,PDS00861,0:21.599,1:06.839,1:33.058,1:48.431,1:59.564,+6.539
44,23,CAN,Elliot JAMIESON,PDS01137,0:21.792,1:06.302,1:32.986,1:48.497,1:59.650,+6.625
45,37,CAN,Nathan STERCKX,PDS00047,0:21.811,1:07.535,1:33.453,1:48.288,1:59.749,+6.724
46,41,USA,Charlie GOLWYN,PDS00119,0:21.686,1:06.180,1:32.825,1:48.234,2:00.153,+7.128
47,121,USA,Connor KNIPSCHEER,PDS00792,0:21.847,1:07.481,1:34.147,1:49.450,2:00.489,+7.464
48,71,USA,Kahlil KEM,PDS00632,0:21.987,1:07.203,1:33.769,1:48.862,2:00.515,+7.490
49,19,USA,Tyler ERVIN,PDS00012,0:21.560,1:07.136,1:33.944,1:49.287,2:00.530,+7.505
50,14,CAN,Henry SHERRY,PDS01286,0:22.235,1:07.355,1:33.612,1:49.233,2:00.715,+7.690
51,55,USA,Samuel TOOHEY,PDS00723,0:21.852,1:07.013,1:33.821,1:49.545,2:00.825,+7.800
52,32,CAN,Loick HUDON,PDS00127,0:21.948,1:08.097,1:34.403,1:49.968,2:01.450,+8.425
53,79,USA,Kenneth GUSTAFSON,PDS01824,0:21.140,1:06.772,1:33.127,1:50.154,2:01.772,+8.747
54,62,USA,Mclure BAILEY,PDS00103,0:22.644,1:08.390,1:34.777,1:50.692,2:01.855,+8.830
55,108,USA,Cohen BUNDY,PDS00158,0:21.811,1:07.433,1:34.325,1:50.617,2:02.115,+9.090
56,74,USA,Ryan ZINZOW,PDS01177,0:22.015,1:07.844,1:34.798,1:50.656,2:02.203,+9.178
57,50,USA,Maxwell BROWN,PDS01123,0:22.372,1:08.039,1:35.170,1:51.071,2:02.261,+9.236
58,80,ESP,Guillermo TOVAR GALLEGO,PDS00153,0:21.853,1:08.534,1:35.374,1:51.009,2:02.296,+9.271
59,60,USA,Dylan CONTE,PDS00064,0:22.536,1:08.040,1:34.764,1:50.298,2:02.477,+9.452
60,53,USA,Austin HAESSLY,PDS00121,0:22.241,1:07.562,1:35.027,1:51.105,2:02.543,+9.518
61,115,CAN,Travis GOLLER,PDS01668,0:22.210,1:07.778,1:35.004,1:51.129,2:03.026,+10.001
62,118,USA,Cj FIGUEROA,PDS00770,0:23.532,1:08.368,1:34.940,1:51.334,2:03.088,+10.063
63,63,USA,Luca COMETTI,PDS01013,0:22.252,1:08.055,1:35.491,1:51.814,2:03.303,+10.278
64,65,USA,Jordan BOULDIN,PDS01099,0:22.981,1:08.812,1:35.576,1:51.693,2:03.325,+10.300
65,171,USA,Levi LLOYD,PDS00178,0:22.532,1:09.034,1:36.221,1:52.348,2:03.758,+10.733
66,141,USA,Luka JONES,PDS00173,0:22.964,1:08.618,1:35.919,1:52.453,2:04.021,+10.996
67,123,USA,Sullivan NOTARO,PDS00452,0:23.039,1:08.274,1:35.833,1:52.219,2:04.212,+11.187
68,137,USA,Liam SEXSON,PDS00867,0:22.675,1:09.841,1:36.932,1:52.364,2:04.252,+11.227
69,172,CAN,Andy HUDON,PDS00171,0:22.384,1:08.973,1:36.498,1:52.421,2:04.433,+11.408
70,130,USA,Griffin CLAYTON,PDS00161,0:22.699,1:09.584,1:36.842,1:52.462,2:04.482,+11.457
71,122,USA,Carson MORGAN,PDS00181,0:22.879,1:09.781,1:37.028,1:52.941,2:04.587,+11.562
72,136,USA,Kade STEIMEL,PDS00662,0:22.825,1:10.192,1:37.747,1:53.686,2:04.872,+11.847
73,166,USA,Brodey WALKER,PDS00748,0:22.977,1:09.753,1:37.387,1:53.579,2:04.883,+11.858
74,64,USA,Bodie HEFLIN,PDS00017,0:23.836,1:09.935,1:36.732,1:53.106,2:04.952,+11.927
75,120,USA,Sam SCHMIDT,PDS01196,0:23.533,1:10.495,1:37.857,1:53.855,2:05.217,+12.192
76,114,CAN,Tobia GADOTTI,PDS01132,0:22.943,1:09.855,1:37.415,1:53.643,2:05.296,+12.271
77,138,USA,Nico PFEIFER,PDS00651,0:22.516,1:08.975,1:36.941,1:53.822,2:05.361,+12.336
78,54,USA,Walker COTTINGHAM,PDS00109,0:22.866,1:09.719,1:35.075,1:53.519,2:05.363,+12.338
79,125,USA,Connor CLIFFORD,PDS00162,0:22.617,1:09.920,1:37.868,1:53.984,2:05.554,+12.529
80,29,USA,Gavin TOMLINSON,PDS00152,0:25.367,1:11.469,1:38.389,1:54.102,2:05.784,+12.759
81,119,USA,Luca DEMAS,PDS00453,0:27.454,1:11.483,1:37.359,1:52.705,2:06.107,+13.082
82,40,CAN,Alexis GAGNE,PDS01777,0:25.654,1:11.156,1:37.862,1:54.291,2:06.123,+13.098
83,129,USA,Ryder GRISSOM,PDS01368,0:22.621,1:09.730,1:37.689,1:54.211,2:06.397,+13.372
84,28,CAN,Rafe HUDSON,PDS01612,0:23.294,1:11.226,1:38.843,1:54.730,2:06.466,+13.441
85,84,CAN,Teren GERBER,PDS00614,0:23.039,1:11.088,1:38.872,1:54.921,2:06.541,+13.516
86,148,USA,Rowan CLARK,PDS00160,0:23.138,1:09.875,1:38.498,1:55.050,2:06.818,+13.793
87,110,CAN,Owen BAILLIE,PDS01102,0:22.869,1:09.745,1:37.714,1:54.945,2:06.916,+13.891
88,124,USA,Nick FRAZIER,PDS00163,0:22.384,1:11.315,1:38.750,1:54.917,2:06.917,+13.892
89,61,USA,Peyton HURT,PDS00128,0:22.814,1:09.880,1:37.707,1:54.706,2:07.079,+14.054
90,163,CAN,Ludovic LALIBERTE,PDS00176,0:23.152,1:11.620,1:39.297,1:55.683,2:07.314,+14.289
91,128,USA,Ayrton FRENCH,PDS00914,0:23.012,1:11.651,1:39.870,1:55.556,2:07.347,+14.322
92,150,USA,Damien COMEAU,PDS01819,0:22.582,1:11.521,1:39.580,1:56.305,2:07.847,+14.822
93,140,USA,Dean YAGER,PDS01336,0:22.943,1:11.435,1:39.926,1:56.175,2:08.217,+15.192
94,59,USA,Shay KONIECZKA,PDS01527,0:22.756,1:10.671,1:39.402,1:56.581,2:08.367,+15.342
95,161,USA,Charlie BLACK,PDS00157,0:23.259,1:12.018,1:40.287,1:56.725,2:08.575,+15.550
96,70,USA,Colin MULALLY,PDS00031,0:22.742,1:12.141,1:41.371,1:57.476,2:09.092,+16.067
97,147,USA,Kaden MCKEOWN,PDS01185,0:23.690,1:12.760,1:41.101,1:57.226,2:09.248,+16.223
98,66,USA,Jonah FREEDMAN,PDS00014,0:23.345,1:11.632,1:39.835,1:57.286,2:09.550,+16.525
99,133,USA,Tyler SHERIDAN,PDS01228,0:23.333,1:11.306,1:39.659,1:57.885,2:09.795,+16.770
100,170,USA,Caleb COOLEY,PDS01821,0:23.223,1:11.822,1:40.319,1:57.368,2:09.856,+16.831
101,113,CAN,Vincent BROCHET,PDS01122,0:23.473,1:12.353,1:40.216,1:57.848,2:10.005,+16.980
102,153,USA,Stone KEPLER,PDS00398,0:22.891,1:13.832,1:42.123,1:57.880,2:10.168,+17.143
103,51,USA,Max CANTERBURY,PDS01818,0:23.489,1:12.627,1:41.122,1:57.982,2:10.511,+17.486
104,157,USA,Gavin GERY,PDS01570,0:23.494,1:13.023,1:41.702,1:58.509,2:10.616,+17.591
105,134,USA,Cooper SNOWDON,PDS01850,0:23.844,1:14.244,1:42.525,1:58.998,2:10.908,+17.883
106,154,USA,Conor HENNESSEY,PDS00473,0:23.599,1:13.145,1:41.412,1:59.076,2:11.100,+18.075
107,73,USA,Cristian SUAREZ,PDS00515,0:23.551,1:13.049,1:42.361,1:59.339,2:11.243,+18.218
108,164,CAN,Luke BEATTIE,PDS00549,0:23.857,1:13.146,1:41.904,1:59.674,2:11.635,+18.610
109,167,USA,Vincent BERTOLANI,Pds01179,0:22.634,1:12.808,1:41.061,1:59.271,2:11.986,+18.961
110,146,USA,Eli HARDY,PDS00168,0:23.625,1:13.141,1:42.720,1:59.394,2:12.034,+19.009
111,143,USA,Liam SIMMONS,PDS01161,0:23.348,1:14.373,1:43.190,1:59.922,2:12.087,+19.062
112,135,USA,Quinn OKUPINSKI,PDS00407,0:24.598,1:14.709,1:43.071,2:00.099,2:12.691,+19.666
113,169,CAN,Liam BIELASKI,PDS00445,0:24.214,1:16.499,1:44.719,2:01.066,2:12.904,+19.879
114,162,CAN,Ben HORSWILL,PDS01600,0:24.059,1:14.400,1:43.204,2:01.017,2:13.265,+20.240
115,131,USA,Justin DOUCETTE,PDS00556,0:23.940,1:14.666,1:44.007,2:02.398,2:14.782,+21.757
116,152,USA,Patrick MULHERN,PDS00537,0:24.281,1:15.919,1:45.638,2:03.949,2:16.484,+23.459
117,159,USA,Brady MILLER,PDS00505,0:24.596,1:16.751,1:46.787,2:04.194,2:16.529,+23.504
118,72,USA,Colby SMITH,PDS00216,0:24.734,1:15.900,1:45.786,2:04.226,2:16.733,+23.708
119,52,USA,Ty DAVIS,PDS00111,0:32.807,1:20.827,1:49.009,2:05.159,2:17.251,+24.226
120,151,USA,Collin BENNETT,PDS00388,0:25.040,1:16.830,1:47.670,2:05.092,2:17.645,+24.620
121,155,USA,Rowan GARFOOT,PDS01133,0:25.096,1:17.246,1:47.785,2:05.460,2:17.655,+24.630
122,126,USA,Mikah FIGUEROA,PDS00769,0:22.892,1:11.079,1:52.568,2:09.873,2:21.948,+28.923
123,160,USA,Emmett BELL,PDS00387,0:25.067,1:18.666,1:49.116,2:09.724,2:23.374,+30.349
124,139,USA,Cruze GAINEY,PDS00164,0:22.904,1:27.450,1:55.644,2:12.171,2:23.923,+30.898
125,158,USA,Julian JONES,PDS01853,0:26.432,1:22.430,1:54.865,2:14.592,2:27.860,+34.835
126,27,USA,Samuel HAWKINBERRY,PDS00123,0:28.092,1:12.615,1:39.266,2:20.127,2:32.166,+39.141
127,165,CAN,Ludovic LAFONTAINE,PDS00859,0:22.744,1:09.986,1:38.542,2:26.817,2:39.571,+46.546
128,16,USA,Lucas DEDORA,PDS00114,0:21.327,1:05.360,1:31.079,2:53.633,3:07.984,+1:14.959
129,20,USA,Braedyn DAVIS,PDS00733,0:21.423,1:04.679,1:30.542,3:21.565,3:34.135,+1:41.110
-,103,COL,Christopher SILVA GALINDO,PDS01194,0:22.511,1:08.205,,,DNF,
-,34,USA,William ARBOGAST,PDS00102,0:25.991,1:10.750,,,DNF,
-,38,USA,Mitch ROPELATO,PDS01245,0:21.843,1:04.838,1:30.762,1:45.922,DNF,
-,47,USA,Matthew MITCHKO,PDS01802,,,,,DNF,
-,127,USA,Alex KNAB,PDS01276,0:23.771,1:15.501,1:45.304,,DNF,
-,145,USA,Colter KNECHT,PDS00175,0:22.481,1:10.071,3:14.334,4:09.752,DNF,
-,156,USA,Jake MOTTE,PDS00403,,,,,DNF,
-,77,CAN,Matt LELIVELD,PDS01828,,,,,DNF,
-,109,ECU,Iker SOTOMAYOR MALLA,PDS01808,0:23.184,,,,DNF,
-,68,USA,Alex ANDERSON,PDS01178,0:23.423,,,,DNF,
-,35,USA,Jack ZENONI,PDS00155,,,,,DNF,
-,81,CAN,Xavier LETENDRE,PDS00135,,,,,DNF,
